phone_number,latitude,longitude,rating,user_rating_count,name,subtype,type,working_hours
+389 71 343 063,41.9963473,21.4243335,4.7,3580,Matto Napoletano,italian_restaurant,food,"{""monday"": [{""open"": ""09:00"", ""close"": ""23:30""}], ""tuesday"": [{""open"": ""09:00"", ""close"": ""23:30""}], ""wednesday"": [{""open"": ""09:00"", ""close"": ""23:30""}], ""thursday"": [{""open"": ""09:00"", ""close"": ""23:30""}], ""friday"": [{""open"": ""09:00"", ""close"": ""23:30""}], ""saturday"": [{""open"": ""09:00"", ""close"": ""23:30""}], ""sunday"": [{""open"": ""09:00"", ""close"": ""23:30""}]}"
+389 78 343 630,42.0010096,21.4199187,4.6,5283,Restaurant Skopski Merak,restaurant,food,"{""monday"": [{""open"": ""09:00"", ""close"": ""00:00""}], ""tuesday"": [{""open"": ""09:00"", ""close"": ""00:00""}], ""wednesday"": [{""open"": ""09:00"", ""close"": ""00:00""}], ""thursday"": [{""open"": ""09:00"", ""close"": ""00:00""}], ""friday"": [{""open"": ""09:00"", ""close"": ""01:00""}], ""saturday"": [{""open"": ""09:00"", ""close"": ""01:00""}], ""sunday"": [{""open"": ""12:00"", ""close"": ""00:00""}]}"
+389 2 329 0674,41.99382,21.4308717,4.4,3683,Mother Teresa Memorial House,other,other,"{""monday"": [{""open"": ""09:00"", ""close"": ""20:00""}], ""tuesday"": [{""open"": ""09:00"", ""close"": ""20:00""}], ""wednesday"": [{""open"": ""09:00"", ""close"": ""20:00""}], ""thursday"": [{""open"": ""09:00"", ""close"": ""20:00""}], ""friday"": [{""open"": ""09:00"", ""close"": ""20:00""}], ""saturday"": [{""open"": ""09:00"", ""close"": ""14:00""}], ""sunday"": [{""open"": ""09:00"", ""close"": ""14:00""}]}"
+389 2 321 1908,42.0025695,21.4384212,4.3,2645,Kosmos Kebabchilnica,restaurant,food,"{""monday"": [{""open"": ""07:00"", ""close"": ""20:00""}], ""tuesday"": [{""open"": ""07:00"", ""close"": ""20:00""}], ""wednesday"": [{""open"": ""07:00"", ""close"": ""20:00""}], ""thursday"": [{""open"": ""07:00"", ""close"": ""20:00""}], ""friday"": [{""open"": ""07:00"", ""close"": ""20:00""}], ""saturday"": [{""open"": ""07:00"", ""close"": ""20:00""}], ""sunday"": [{""open"": ""07:00"", ""close"": ""20:00""}]}"
+389 71 206 205,42.0000927,21.4174075,4.5,4294,Silbo,bakery,cafe,"{""monday"": [{""open"": ""00:00"", ""close"": ""23:59""}], ""tuesday"": [{""open"": ""00:00"", ""close"": ""23:59""}], ""wednesday"": [{""open"": ""00:00"", ""close"": ""23:59""}], ""thursday"": [{""open"": ""00:00"", ""close"": ""23:59""}], ""friday"": [{""open"": ""00:00"", ""close"": ""23:59""}], ""saturday"": [{""open"": ""00:00"", ""close"": ""23:59""}], ""sunday"": []}"
+389 2 322 4063,41.9997012,21.436087,3.7,3918,Destan,barbecue_restaurant,other,"{""monday"": [{""open"": ""09:00"", ""close"": ""21:00""}], ""tuesday"": [{""open"": ""09:00"", ""close"": ""21:00""}], ""wednesday"": [{""open"": ""09:00"", ""close"": ""21:00""}], ""thursday"": [{""open"": ""09:00"", ""close"": ""21:00""}], ""friday"": [{""open"": ""09:00"", ""close"": ""22:00""}], ""saturday"": [{""open"": ""09:00"", ""close"": ""22:00""}], ""sunday"": [{""open"": ""09:00"", ""close"": ""22:00""}]}"
+389 2 313 1376,41.9969072,21.4383018,4.6,3125,Restaurant „Old House“,restaurant,food,"{""monday"": [{""open"": ""09:00"", ""close"": ""00:00""}], ""tuesday"": [{""open"": ""09:00"", ""close"": ""00:00""}], ""wednesday"": [{""open"": ""09:00"", ""close"": ""00:00""}], ""thursday"": [{""open"": ""09:00"", ""close"": ""00:00""}], ""friday"": [{""open"": ""09:00"", ""close"": ""00:00""}], ""saturday"": [{""open"": ""16:00"", ""close"": ""00:00""}], ""sunday"": [{""open"": ""14:00"", ""close"": ""22:00""}]}"
,42.0005479,21.4369738,4.3,917,Eski Burek Shop,bakery,cafe,"{""monday"": [{""open"": ""06:00"", ""close"": ""17:00""}], ""tuesday"": [{""open"": ""06:00"", ""close"": ""17:00""}], ""wednesday"": [{""open"": ""06:00"", ""close"": ""17:00""}], ""thursday"": [{""open"": ""06:00"", ""close"": ""17:00""}], ""friday"": [{""open"": ""06:00"", ""close"": ""17:00""}], ""saturday"": [{""open"": ""06:00"", ""close"": ""17:00""}], ""sunday"": []}"
+389 70 272 766,42.003532,21.4168175,4.4,1863,Debar Maalo,restaurant,food,"{""monday"": [{""open"": ""09:00"", ""close"": ""00:00""}], ""tuesday"": [{""open"": ""09:00"", ""close"": ""00:00""}], ""wednesday"": [{""open"": ""09:00"", ""close"": ""00:00""}], ""thursday"": [{""open"": ""09:00"", ""close"": ""00:00""}], ""friday"": [{""open"": ""09:00"", ""close"": ""01:00""}], ""saturday"": [{""open"": ""12:00"", ""close"": ""01:00""}], ""sunday"": []}"
+389 72 306 198,41.9949773,21.4129362,4.6,2972,Gostilnica Dukat,restaurant,food,"{""monday"": [{""open"": ""09:00"", ""close"": ""00:00""}], ""tuesday"": [{""open"": ""09:00"", ""close"": ""00:00""}], ""wednesday"": [{""open"": ""09:00"", ""close"": ""00:00""}], ""thursday"": [{""open"": ""09:00"", ""close"": ""00:00""}], ""friday"": [{""open"": ""09:00"", ""close"": ""01:00""}], ""saturday"": [{""open"": ""09:00"", ""close"": ""01:00""}], ""sunday"": [{""open"": ""09:00"", ""close"": ""00:00""}]}"
+389 78 250 554,41.9899429,21.4259388,4.5,2537,Public Room,restaurant,food,"{""monday"": [{""open"": ""08:00"", ""close"": ""00:00""}], ""tuesday"": [{""open"": ""08:00"", ""close"": ""00:00""}], ""wednesday"": [{""open"": ""08:00"", ""close"": ""00:00""}], ""thursday"": [{""open"": ""08:00"", ""close"": ""00:00""}], ""friday"": [{""open"": ""08:00"", ""close"": ""01:00""}], ""saturday"": [{""open"": ""09:00"", ""close"": ""01:00""}], ""sunday"": [{""open"": ""09:00"", ""close"": ""00:00""}]}"
+389 2 325 6668,41.9979554,21.4331383,4.5,1369,Museum of the Macedonian Struggle for Independence,history_museum,culture,"{""monday"": [], ""tuesday"": [{""open"": ""10:00"", ""close"": ""18:00""}], ""wednesday"": [{""open"": ""10:00"", ""close"": ""18:00""}], ""thursday"": [{""open"": ""10:00"", ""close"": ""18:00""}], ""friday"": [{""open"": ""10:00"", ""close"": ""18:00""}], ""saturday"": [{""open"": ""10:00"", ""close"": ""18:00""}], ""sunday"": [{""open"": ""10:00"", ""close"": ""18:00""}]}"
+389 70 410 919,42.00217,21.4222741,4.4,1642,CARDAK,eastern_european_restaurant,other,"{""monday"": [{""open"": ""09:00"", ""close"": ""00:00""}], ""tuesday"": [{""open"": ""09:00"", ""close"": ""00:00""}], ""wednesday"": [{""open"": ""09:00"", ""close"": ""00:00""}], ""thursday"": [{""open"": ""09:00"", ""close"": ""00:00""}], ""friday"": [{""open"": ""09:00"", ""close"": ""01:00""}], ""saturday"": [{""open"": ""09:00"", ""close"": ""01:00""}], ""sunday"": [{""open"": ""09:00"", ""close"": ""00:00""}]}"
+389 78 411 302,41.9953782,21.4313878,4.4,3749,Pelister,restaurant,food,"{""monday"": [{""open"": ""09:00"", ""close"": ""00:00""}], ""tuesday"": [{""open"": ""09:00"", ""close"": ""00:00""}], ""wednesday"": [{""open"": ""09:00"", ""close"": ""00:00""}], ""thursday"": [{""open"": ""09:00"", ""close"": ""00:00""}], ""friday"": [{""open"": ""09:00"", ""close"": ""00:00""}], ""saturday"": [{""open"": ""09:00"", ""close"": ""00:00""}], ""sunday"": [{""open"": ""10:00"", ""close"": ""00:00""}]}"
+389 70 248 248,41.9837484,21.4223475,4.4,324,Salvatore Italian Restaurant,italian_restaurant,food,"{""monday"": [{""open"": ""12:00"", ""close"": ""00:00""}], ""tuesday"": [{""open"": ""12:00"", ""close"": ""00:00""}], ""wednesday"": [{""open"": ""12:00"", ""close"": ""00:00""}], ""thursday"": [{""open"": ""12:00"", ""close"": ""00:00""}], ""friday"": [{""open"": ""12:00"", ""close"": ""01:00""}], ""saturday"": [{""open"": ""12:00"", ""close"": ""01:00""}], ""sunday"": [{""open"": ""12:00"", ""close"": ""00:00""}]}"
+389 78 870 000,42.0033999,21.4171433,4.0,1543,Fast Food Royal 2,fast_food_restaurant,food,"{""monday"": [{""open"": ""10:00"", ""close"": ""00:00""}], ""tuesday"": [{""open"": ""10:00"", ""close"": ""00:00""}], ""wednesday"": [{""open"": ""10:00"", ""close"": ""00:00""}], ""thursday"": [{""open"": ""10:00"", ""close"": ""00:00""}], ""friday"": [{""open"": ""10:00"", ""close"": ""01:00""}], ""saturday"": [{""open"": ""10:00"", ""close"": ""01:00""}], ""sunday"": []}"
+389 70 399 957,41.9858774,21.4504345,4.6,224,Sakash?,restaurant,food,"{""monday"": [{""open"": ""10:00"", ""close"": ""23:00""}], ""tuesday"": [{""open"": ""10:00"", ""close"": ""23:00""}], ""wednesday"": [{""open"": ""10:00"", ""close"": ""23:00""}], ""thursday"": [{""open"": ""10:00"", ""close"": ""23:00""}], ""friday"": [{""open"": ""10:00"", ""close"": ""23:00""}], ""saturday"": [{""open"": ""10:00"", ""close"": ""23:00""}], ""sunday"": []}"
+389 2 244 7774,41.9895118,21.4597428,4.5,3339,Fast Food 7 - Aerodrom,fast_food_restaurant,food,"{""monday"": [{""open"": ""08:00"", ""close"": ""23:00""}], ""tuesday"": [{""open"": ""08:00"", ""close"": ""23:00""}], ""wednesday"": [{""open"": ""08:00"", ""close"": ""23:00""}], ""thursday"": [{""open"": ""08:00"", ""close"": ""23:00""}], ""friday"": [{""open"": ""08:00"", ""close"": ""00:00""}], ""saturday"": [{""open"": ""13:00"", ""close"": ""23:00""}], ""sunday"": []}"
+389 75 478 134,42.0015746,21.4035183,4.6,1881,Roosty Skopje,restaurant,food,"{""monday"": [{""open"": ""09:00"", ""close"": ""00:00""}], ""tuesday"": [{""open"": ""09:00"", ""close"": ""00:00""}], ""wednesday"": [{""open"": ""09:00"", ""close"": ""00:00""}], ""thursday"": [{""open"": ""09:00"", ""close"": ""00:00""}], ""friday"": [{""open"": ""09:00"", ""close"": ""01:00""}], ""saturday"": [{""open"": ""09:00"", ""close"": ""01:00""}], ""sunday"": [{""open"": ""10:00"", ""close"": ""00:00""}]}"
+389 72 273 273,42.0010188,21.4203608,4.2,771,Beer Garden,bar,nightlife,"{""monday"": [{""open"": ""10:00"", ""close"": ""00:00""}], ""tuesday"": [{""open"": ""10:00"", ""close"": ""00:00""}], ""wednesday"": [{""open"": ""10:00"", ""close"": ""00:00""}], ""thursday"": [{""open"": ""10:00"", ""close"": ""00:00""}], ""friday"": [{""open"": ""10:00"", ""close"": ""01:00""}], ""saturday"": [{""open"": ""10:00"", ""close"": ""01:00""}], ""sunday"": [{""open"": ""10:00"", ""close"": ""01:00""}]}"
+389 70 200 021,41.9978001,21.4198865,4.9,528,The Dude Specialty Coffee,cafe,cafe,"{""monday"": [{""open"": ""07:30"", ""close"": ""18:00""}], ""tuesday"": [{""open"": ""07:30"", ""close"": ""18:00""}], ""wednesday"": [{""open"": ""07:30"", ""close"": ""18:00""}], ""thursday"": [{""open"": ""07:30"", ""close"": ""18:00""}], ""friday"": [{""open"": ""07:30"", ""close"": ""18:00""}], ""saturday"": [{""open"": ""08:30"", ""close"": ""16:00""}], ""sunday"": []}"
+389 72 273 333,42.0008631,21.4196145,4.3,640,Casa Bar Skopje,bar,nightlife,"{""monday"": [{""open"": ""08:00"", ""close"": ""00:00""}], ""tuesday"": [{""open"": ""08:00"", ""close"": ""00:00""}], ""wednesday"": [{""open"": ""08:00"", ""close"": ""00:00""}], ""thursday"": [{""open"": ""08:00"", ""close"": ""00:00""}], ""friday"": [{""open"": ""08:00"", ""close"": ""01:00""}], ""saturday"": [{""open"": ""09:00"", ""close"": ""01:00""}], ""sunday"": [{""open"": ""09:00"", ""close"": ""00:00""}]}"
+389 70 617 749,41.9953934,21.4099925,4.2,642,Loznica National Restaurant,restaurant,food,"{""monday"": [{""open"": ""08:00"", ""close"": ""00:00""}], ""tuesday"": [{""open"": ""08:00"", ""close"": ""00:00""}], ""wednesday"": [{""open"": ""08:00"", ""close"": ""00:00""}], ""thursday"": [{""open"": ""08:00"", ""close"": ""00:00""}], ""friday"": [{""open"": ""08:00"", ""close"": ""01:00""}], ""saturday"": [{""open"": ""08:00"", ""close"": ""01:00""}], ""sunday"": [{""open"": ""08:00"", ""close"": ""00:00""}]}"
+389 2 306 0900,41.9929578,21.4078759,4.5,1496,Dva Elena,restaurant,food,"{""monday"": [{""open"": ""10:30"", ""close"": ""00:00""}], ""tuesday"": [{""open"": ""10:30"", ""close"": ""00:00""}], ""wednesday"": [{""open"": ""10:30"", ""close"": ""00:00""}], ""thursday"": [{""open"": ""10:30"", ""close"": ""00:00""}], ""friday"": [{""open"": ""10:30"", ""close"": ""01:00""}], ""saturday"": [{""open"": ""10:30"", ""close"": ""01:00""}], ""sunday"": [{""open"": ""10:30"", ""close"": ""23:00""}]}"
+389 71 279 660,42.0008454,21.4200545,4.1,747,Kafana „Debar Maalo“,restaurant,food,"{""monday"": [{""open"": ""09:00"", ""close"": ""01:00""}], ""tuesday"": [{""open"": ""09:00"", ""close"": ""01:00""}], ""wednesday"": [{""open"": ""09:00"", ""close"": ""01:00""}], ""thursday"": [{""open"": ""09:00"", ""close"": ""01:00""}], ""friday"": [{""open"": ""09:00"", ""close"": ""01:00""}], ""saturday"": [{""open"": ""09:00"", ""close"": ""01:00""}], ""sunday"": [{""open"": ""09:00"", ""close"": ""01:00""}]}"
+389 78 430 330,41.9948053,21.4138716,4.1,994,Gradska Kafeana Dvor,restaurant,food,"{""monday"": [{""open"": ""08:00"", ""close"": ""00:00""}], ""tuesday"": [{""open"": ""08:00"", ""close"": ""00:00""}], ""wednesday"": [{""open"": ""08:00"", ""close"": ""00:00""}], ""thursday"": [{""open"": ""08:00"", ""close"": ""00:00""}], ""friday"": [{""open"": ""08:00"", ""close"": ""01:00""}], ""saturday"": [{""open"": ""08:00"", ""close"": ""01:00""}], ""sunday"": [{""open"": ""08:00"", ""close"": ""00:00""}]}"
+389 2 311 7597,41.9983585,21.4226786,4.4,1137,Bakery La Delicious,bakery,cafe,"{""monday"": [{""open"": ""00:00"", ""close"": ""23:59""}], ""tuesday"": [{""open"": ""00:00"", ""close"": ""23:59""}], ""wednesday"": [{""open"": ""00:00"", ""close"": ""23:59""}], ""thursday"": [{""open"": ""00:00"", ""close"": ""23:59""}], ""friday"": [{""open"": ""00:00"", ""close"": ""23:59""}], ""saturday"": [{""open"": ""00:00"", ""close"": ""23:59""}], ""sunday"": [{""open"": ""00:00"", ""close"": ""23:59""}]}"
+389 70 268 454,41.9947478,21.4140648,4.3,923,Intermezzo Music Bar,bar,nightlife,"{""monday"": [{""open"": ""08:00"", ""close"": ""00:00""}], ""tuesday"": [{""open"": ""08:00"", ""close"": ""00:00""}], ""wednesday"": [{""open"": ""08:00"", ""close"": ""00:00""}], ""thursday"": [{""open"": ""08:00"", ""close"": ""00:00""}], ""friday"": [{""open"": ""08:00"", ""close"": ""01:00""}], ""saturday"": [{""open"": ""08:00"", ""close"": ""01:00""}], ""sunday"": [{""open"": ""08:00"", ""close"": ""00:00""}]}"
+389 2 321 1914,41.9974682,21.4233074,4.4,1852,Fast Food 7,fast_food_restaurant,food,"{""monday"": [{""open"": ""09:00"", ""close"": ""17:00""}], ""tuesday"": [{""open"": ""09:00"", ""close"": ""17:00""}], ""wednesday"": [{""open"": ""09:00"", ""close"": ""17:00""}], ""thursday"": [{""open"": ""09:00"", ""close"": ""17:00""}], ""friday"": [{""open"": ""09:00"", ""close"": ""17:00""}], ""saturday"": [{""open"": ""12:00"", ""close"": ""19:00""}], ""sunday"": []}"
+389 70 222 137,42.0007014,21.4190979,4.5,455,Urban Bistro „Kantina“,bistro,other,"{""monday"": [{""open"": ""08:00"", ""close"": ""00:00""}], ""tuesday"": [{""open"": ""08:00"", ""close"": ""00:00""}], ""wednesday"": [{""open"": ""08:00"", ""close"": ""00:00""}], ""thursday"": [{""open"": ""08:00"", ""close"": ""00:00""}], ""friday"": [{""open"": ""08:00"", ""close"": ""01:00""}], ""saturday"": [{""open"": ""08:30"", ""close"": ""01:00""}], ""sunday"": [{""open"": ""09:00"", ""close"": ""00:00""}]}"
+389 2 323 2877,41.9948659,21.4136129,4.6,1051,Vodenica Mulino,restaurant,food,"{""monday"": [{""open"": ""12:00"", ""close"": ""00:00""}], ""tuesday"": [{""open"": ""12:00"", ""close"": ""00:00""}], ""wednesday"": [{""open"": ""12:00"", ""close"": ""00:00""}], ""thursday"": [{""open"": ""12:00"", ""close"": ""00:00""}], ""friday"": [{""open"": ""12:00"", ""close"": ""00:00""}], ""saturday"": [{""open"": ""12:00"", ""close"": ""00:00""}], ""sunday"": []}"
,42.0019698,21.4134773,4.4,663,Bar Roosevelt,bar,nightlife,"{""monday"": [{""open"": ""08:00"", ""close"": ""00:00""}], ""tuesday"": [{""open"": ""08:00"", ""close"": ""00:00""}], ""wednesday"": [{""open"": ""08:00"", ""close"": ""00:00""}], ""thursday"": [{""open"": ""08:00"", ""close"": ""00:00""}], ""friday"": [{""open"": ""08:00"", ""close"": ""01:00""}], ""saturday"": [{""open"": ""08:00"", ""close"": ""01:00""}], ""sunday"": [{""open"": ""08:00"", ""close"": ""00:00""}]}"
+389 75 404 400,41.9948034,21.4100711,4.3,190,Morino,pizza_restaurant,food,"{""monday"": [{""open"": ""08:00"", ""close"": ""00:00""}], ""tuesday"": [{""open"": ""08:00"", ""close"": ""00:00""}], ""wednesday"": [{""open"": ""08:00"", ""close"": ""00:00""}], ""thursday"": [{""open"": ""08:00"", ""close"": ""00:00""}], ""friday"": [{""open"": ""09:00"", ""close"": ""01:00""}], ""saturday"": [{""open"": ""09:00"", ""close"": ""01:00""}], ""sunday"": [{""open"": ""12:00"", ""close"": ""22:30""}]}"
+389 72 535 353,42.0037303,21.4149077,4.4,1451,The Gallery Café,cafe,cafe,"{""monday"": [{""open"": ""07:30"", ""close"": ""00:00""}], ""tuesday"": [{""open"": ""07:30"", ""close"": ""00:00""}], ""wednesday"": [{""open"": ""07:30"", ""close"": ""00:00""}], ""thursday"": [{""open"": ""07:30"", ""close"": ""00:00""}], ""friday"": [{""open"": ""07:30"", ""close"": ""01:00""}], ""saturday"": [{""open"": ""08:00"", ""close"": ""01:00""}], ""sunday"": [{""open"": ""08:00"", ""close"": ""00:00""}]}"
+389 71 216 348,41.9970804,21.4061183,4.3,948,BKW Hybrid Bar,bar,nightlife,"{""monday"": [{""open"": ""08:00"", ""close"": ""00:00""}], ""tuesday"": [{""open"": ""08:00"", ""close"": ""00:00""}], ""wednesday"": [{""open"": ""08:00"", ""close"": ""00:00""}], ""thursday"": [{""open"": ""08:00"", ""close"": ""00:00""}], ""friday"": [{""open"": ""08:00"", ""close"": ""00:00""}], ""saturday"": [{""open"": ""09:00"", ""close"": ""01:00""}], ""sunday"": [{""open"": ""11:00"", ""close"": ""20:00""}]}"
+389 2 323 3999,41.996783,21.4343423,3.9,1658,Archaeological Museum of the Republic of North Macedonia,museum,culture,"{""monday"": [], ""tuesday"": [{""open"": ""10:00"", ""close"": ""18:00""}], ""wednesday"": [{""open"": ""10:00"", ""close"": ""18:00""}], ""thursday"": [{""open"": ""10:00"", ""close"": ""18:00""}], ""friday"": [{""open"": ""10:00"", ""close"": ""18:00""}], ""saturday"": [{""open"": ""10:00"", ""close"": ""18:00""}], ""sunday"": [{""open"": ""10:00"", ""close"": ""18:00""}]}"
+389 2 311 7734,42.0038889,21.4327778,4.1,697,Museum of Contemporary Art Skopje,art_museum,other,"{""monday"": [], ""tuesday"": [{""open"": ""10:00"", ""close"": ""17:00""}], ""wednesday"": [{""open"": ""10:00"", ""close"": ""17:00""}], ""thursday"": [{""open"": ""10:00"", ""close"": ""17:00""}], ""friday"": [{""open"": ""10:00"", ""close"": ""17:00""}], ""saturday"": [{""open"": ""10:00"", ""close"": ""17:00""}], ""sunday"": [{""open"": ""09:00"", ""close"": ""13:00""}]}"
+389 2 311 4742,41.9910127,21.4289376,4.2,724,Museum of the City of Skopje,museum,culture,"{""monday"": [], ""tuesday"": [{""open"": ""09:00"", ""close"": ""17:00""}], ""wednesday"": [{""open"": ""09:00"", ""close"": ""17:00""}], ""thursday"": [{""open"": ""09:00"", ""close"": ""17:00""}], ""friday"": [{""open"": ""09:00"", ""close"": ""17:00""}], ""saturday"": [{""open"": ""09:00"", ""close"": ""17:00""}], ""sunday"": [{""open"": ""09:00"", ""close"": ""13:00""}]}"
+389 2 312 2697,41.9984402,21.4333552,4.5,389,Holocaust Memorial Center for the Jews of Macedonia,history_museum,culture,"{""monday"": [], ""tuesday"": [{""open"": ""09:00"", ""close"": ""19:00""}], ""wednesday"": [{""open"": ""09:00"", ""close"": ""19:00""}], ""thursday"": [{""open"": ""09:00"", ""close"": ""19:00""}], ""friday"": [{""open"": ""09:00"", ""close"": ""19:00""}], ""saturday"": [{""open"": ""09:00"", ""close"": ""15:00""}], ""sunday"": [{""open"": ""09:00"", ""close"": ""15:00""}]}"
+389 2 311 5225,41.9964916,21.4427678,4.7,636,Youth Cultural Center (YCC),cultural_center,other,"{""monday"": [{""open"": ""09:00"", ""close"": ""00:00""}], ""tuesday"": [{""open"": ""09:00"", ""close"": ""00:00""}], ""wednesday"": [{""open"": ""09:00"", ""close"": ""00:00""}], ""thursday"": [{""open"": ""09:00"", ""close"": ""00:00""}], ""friday"": [{""open"": ""09:00"", ""close"": ""01:00""}], ""saturday"": [{""open"": ""09:00"", ""close"": ""01:00""}], ""sunday"": [{""open"": ""09:00"", ""close"": ""00:00""}]}"
+389 75 760 497,41.9945448,21.429421,4.6,678,Café Kotur,bar,nightlife,"{""monday"": [{""open"": ""08:00"", ""close"": ""01:00""}], ""tuesday"": [{""open"": ""08:00"", ""close"": ""01:00""}], ""wednesday"": [{""open"": ""08:00"", ""close"": ""01:00""}], ""thursday"": [{""open"": ""08:00"", ""close"": ""01:00""}], ""friday"": [{""open"": ""08:00"", ""close"": ""01:00""}], ""saturday"": [{""open"": ""09:00"", ""close"": ""01:00""}], ""sunday"": [{""open"": ""09:00"", ""close"": ""01:00""}]}"
+389 2 313 3102,41.9986907,21.4357692,4.4,482,National Gallery of North Macedonia,art_gallery,culture,"{""monday"": null, ""tuesday"": null, ""wednesday"": null, ""thursday"": null, ""friday"": null, ""saturday"": null, ""sunday"": null}"
+389 2 311 6044,42.0026521,21.4362286,3.9,240,Museum of Macedonia,history_museum,culture,"{""monday"": [], ""tuesday"": [{""open"": ""08:00"", ""close"": ""16:00""}], ""wednesday"": [{""open"": ""08:00"", ""close"": ""16:00""}], ""thursday"": [{""open"": ""08:00"", ""close"": ""16:00""}], ""friday"": [{""open"": ""08:00"", ""close"": ""16:00""}], ""saturday"": [{""open"": ""09:00"", ""close"": ""15:00""}], ""sunday"": [{""open"": ""09:00"", ""close"": ""13:00""}]}"
+389 2 322 7986,42.0011685,21.4372826,4.4,2092,National Gallery – Čifte Hammam,museum,culture,"{""monday"": [], ""tuesday"": [{""open"": ""10:00"", ""close"": ""18:00""}], ""wednesday"": [{""open"": ""10:00"", ""close"": ""18:00""}], ""thursday"": [{""open"": ""10:00"", ""close"": ""18:00""}], ""friday"": [{""open"": ""10:00"", ""close"": ""18:00""}], ""saturday"": [{""open"": ""10:00"", ""close"": ""18:00""}], ""sunday"": [{""open"": ""10:00"", ""close"": ""18:00""}]}"
+389 70 674 111,42.0003224,21.4368554,3.9,46,Kapan Inn,history_museum,culture,"{""monday"": null, ""tuesday"": null, ""wednesday"": null, ""thursday"": null, ""friday"": null, ""saturday"": null, ""sunday"": null}"
+389 2 311 5225,41.9964136,21.4425707,4.5,190,Frosina Cinema,movie_theater,entertainment,"{""monday"": null, ""tuesday"": null, ""wednesday"": null, ""thursday"": null, ""friday"": null, ""saturday"": null, ""sunday"": null}"
+389 2 312 0389,41.9946399,21.4358895,4.3,614,Milenium City Cinema,movie_theater,entertainment,"{""monday"": null, ""tuesday"": null, ""wednesday"": null, ""thursday"": null, ""friday"": null, ""saturday"": null, ""sunday"": null}"
,42.0019371,21.4381948,4.4,13,Childrens' Teatre Center,movie_theater,entertainment,"{""monday"": null, ""tuesday"": null, ""wednesday"": null, ""thursday"": null, ""friday"": null, ""saturday"": null, ""sunday"": null}"
,41.996147,21.4358896,,0,arheološki muzej skoplje,museum,culture,"{""monday"": null, ""tuesday"": null, ""wednesday"": null, ""thursday"": null, ""friday"": null, ""saturday"": null, ""sunday"": null}"
,42.0027926,21.4258296,1.0,2,Krug Film Production,movie_theater,entertainment,"{""monday"": null, ""tuesday"": null, ""wednesday"": null, ""thursday"": null, ""friday"": null, ""saturday"": null, ""sunday"": null}"
+389 2 307 1200,41.9996616,21.3909492,4.2,2258,Forza Wine Bar & Restaurant,restaurant,food,"{""monday"": [{""open"": ""08:00"", ""close"": ""00:00""}], ""tuesday"": [{""open"": ""08:00"", ""close"": ""00:00""}], ""wednesday"": [{""open"": ""08:00"", ""close"": ""00:00""}], ""thursday"": [{""open"": ""08:00"", ""close"": ""00:00""}], ""friday"": [{""open"": ""08:00"", ""close"": ""01:00""}], ""saturday"": [{""open"": ""08:00"", ""close"": ""01:00""}], ""sunday"": [{""open"": ""08:00"", ""close"": ""00:00""}]}"
+389 70 380 333,41.9983717,21.3986025,4.2,644,Desserts Oselot,dessert_restaurant,other,"{""monday"": [{""open"": ""08:00"", ""close"": ""00:00""}], ""tuesday"": [{""open"": ""08:00"", ""close"": ""00:00""}], ""wednesday"": [{""open"": ""08:00"", ""close"": ""00:00""}], ""thursday"": [{""open"": ""08:00"", ""close"": ""00:00""}], ""friday"": [{""open"": ""08:00"", ""close"": ""00:00""}], ""saturday"": [{""open"": ""08:00"", ""close"": ""00:00""}], ""sunday"": [{""open"": ""09:00"", ""close"": ""23:00""}]}"
+389 72 529 734,42.0031304,21.4005709,4.5,1966,Fast Food 7 - Karposh,fast_food_restaurant,food,"{""monday"": [{""open"": ""08:00"", ""close"": ""23:00""}], ""tuesday"": [{""open"": ""08:00"", ""close"": ""23:00""}], ""wednesday"": [{""open"": ""08:00"", ""close"": ""23:00""}], ""thursday"": [{""open"": ""08:00"", ""close"": ""23:00""}], ""friday"": [{""open"": ""08:00"", ""close"": ""00:00""}], ""saturday"": [{""open"": ""13:00"", ""close"": ""23:00""}], ""sunday"": []}"
+389 2 309 0100,42.008315,21.3940034,4.5,441,Oeno Wine Bar & Deli,wine_bar,other,"{""monday"": [{""open"": ""08:00"", ""close"": ""00:00""}], ""tuesday"": [{""open"": ""08:00"", ""close"": ""00:00""}], ""wednesday"": [{""open"": ""08:00"", ""close"": ""00:00""}], ""thursday"": [{""open"": ""08:00"", ""close"": ""00:00""}], ""friday"": [{""open"": ""08:00"", ""close"": ""01:00""}], ""saturday"": [{""open"": ""08:00"", ""close"": ""01:00""}], ""sunday"": [{""open"": ""09:00"", ""close"": ""00:00""}]}"
+389 70 303 535,42.0044198,21.3947264,4.4,1724,Restaurant Sidro 2,seafood_restaurant,other,"{""monday"": [{""open"": ""13:00"", ""close"": ""23:00""}], ""tuesday"": [{""open"": ""09:00"", ""close"": ""00:00""}], ""wednesday"": [{""open"": ""09:00"", ""close"": ""00:00""}], ""thursday"": [{""open"": ""09:00"", ""close"": ""00:00""}], ""friday"": [{""open"": ""09:00"", ""close"": ""00:00""}], ""saturday"": [{""open"": ""09:00"", ""close"": ""00:00""}], ""sunday"": [{""open"": ""13:00"", ""close"": ""19:00""}]}"
+389 70 583 395,41.9964031,21.3980855,4.7,307,Pogon Bar,bar,nightlife,"{""monday"": [{""open"": ""08:30"", ""close"": ""00:00""}], ""tuesday"": [{""open"": ""08:30"", ""close"": ""00:00""}], ""wednesday"": [{""open"": ""08:30"", ""close"": ""00:00""}], ""thursday"": [{""open"": ""08:30"", ""close"": ""00:00""}], ""friday"": [{""open"": ""08:30"", ""close"": ""01:00""}], ""saturday"": [{""open"": ""08:30"", ""close"": ""01:00""}], ""sunday"": [{""open"": ""08:30"", ""close"": ""00:00""}]}"
+389 2 306 1273,42.0031667,21.3995267,4.4,2647,Pizza & Pasta Enriko,italian_restaurant,food,"{""monday"": [{""open"": ""08:00"", ""close"": ""00:00""}], ""tuesday"": [{""open"": ""08:00"", ""close"": ""00:00""}], ""wednesday"": [{""open"": ""08:00"", ""close"": ""00:00""}], ""thursday"": [{""open"": ""08:00"", ""close"": ""00:00""}], ""friday"": [{""open"": ""08:00"", ""close"": ""01:00""}], ""saturday"": [{""open"": ""08:00"", ""close"": ""01:00""}], ""sunday"": [{""open"": ""10:00"", ""close"": ""00:00""}]}"
+389 70 222 817,42.0034303,21.3982417,3.7,1189,Revija,restaurant,food,"{""monday"": [{""open"": ""08:00"", ""close"": ""00:00""}], ""tuesday"": [{""open"": ""08:00"", ""close"": ""00:00""}], ""wednesday"": [{""open"": ""08:00"", ""close"": ""00:00""}], ""thursday"": [{""open"": ""08:00"", ""close"": ""00:00""}], ""friday"": [{""open"": ""08:00"", ""close"": ""01:00""}], ""saturday"": [{""open"": ""08:00"", ""close"": ""01:00""}], ""sunday"": [{""open"": ""08:00"", ""close"": ""00:00""}]}"
+389 75 234 966,41.9973866,21.3983609,4.4,246,PLAY игротека & кафе,cafe,cafe,"{""monday"": [{""open"": ""15:30"", ""close"": ""21:30""}], ""tuesday"": [{""open"": ""15:30"", ""close"": ""21:30""}], ""wednesday"": [{""open"": ""15:30"", ""close"": ""21:30""}], ""thursday"": [{""open"": ""15:30"", ""close"": ""21:30""}], ""friday"": [{""open"": ""15:30"", ""close"": ""21:30""}], ""saturday"": [{""open"": ""10:00"", ""close"": ""21:30""}], ""sunday"": [{""open"": ""10:00"", ""close"": ""21:30""}]}"
,42.0038428,21.39821,4.7,86,Rutina Coffee House,coffee_shop,cafe,"{""monday"": [{""open"": ""08:00"", ""close"": ""23:30""}], ""tuesday"": [{""open"": ""08:00"", ""close"": ""23:30""}], ""wednesday"": [{""open"": ""08:00"", ""close"": ""23:30""}], ""thursday"": [{""open"": ""08:00"", ""close"": ""23:30""}], ""friday"": [{""open"": ""08:00"", ""close"": ""23:30""}], ""saturday"": [{""open"": ""09:00"", ""close"": ""23:30""}], ""sunday"": [{""open"": ""09:00"", ""close"": ""23:30""}]}"
+389 75 351 135,42.0032467,21.3910754,4.5,158,The Nest Skopje,restaurant,food,"{""monday"": [{""open"": ""10:00"", ""close"": ""23:00""}], ""tuesday"": [{""open"": ""10:00"", ""close"": ""23:00""}], ""wednesday"": [{""open"": ""10:00"", ""close"": ""23:00""}], ""thursday"": [{""open"": ""10:00"", ""close"": ""23:00""}], ""friday"": [{""open"": ""10:00"", ""close"": ""23:00""}], ""saturday"": [{""open"": ""10:00"", ""close"": ""23:00""}], ""sunday"": [{""open"": ""10:00"", ""close"": ""23:00""}]}"
+389 2 306 3908,42.0017209,21.3991215,4.6,384,Fotka Restoran,restaurant,food,"{""monday"": [{""open"": ""09:30"", ""close"": ""19:00""}], ""tuesday"": [{""open"": ""09:30"", ""close"": ""22:30""}], ""wednesday"": [{""open"": ""00:00"", ""close"": ""23:59""}], ""thursday"": [{""open"": ""09:30"", ""close"": ""22:30""}], ""friday"": [{""open"": ""09:30"", ""close"": ""22:30""}], ""saturday"": [{""open"": ""10:00"", ""close"": ""22:30""}], ""sunday"": [{""open"": ""10:00"", ""close"": ""18:00""}]}"
+389 75 727 110,42.0016434,21.3923802,4.5,1142,Skara Bar,restaurant,food,"{""monday"": null, ""tuesday"": null, ""wednesday"": null, ""thursday"": null, ""friday"": null, ""saturday"": null, ""sunday"": null}"
+389 70 222 125,41.9979277,21.398128,3.6,139,Soma Lounge Bar,lounge_bar,other,"{""monday"": [{""open"": ""08:00"", ""close"": ""01:00""}], ""tuesday"": [{""open"": ""08:00"", ""close"": ""01:00""}], ""wednesday"": [{""open"": ""08:00"", ""close"": ""01:00""}], ""thursday"": [{""open"": ""08:00"", ""close"": ""01:00""}], ""friday"": [{""open"": ""08:00"", ""close"": ""01:00""}], ""saturday"": [{""open"": ""08:00"", ""close"": ""01:00""}], ""sunday"": [{""open"": ""08:00"", ""close"": ""01:00""}]}"
+389 71 221 166,41.9975101,21.3983571,4.7,284,Café „Central Perk“,coffee_shop,cafe,"{""monday"": [{""open"": ""08:00"", ""close"": ""00:00""}], ""tuesday"": [{""open"": ""08:00"", ""close"": ""00:00""}], ""wednesday"": [{""open"": ""08:00"", ""close"": ""00:00""}], ""thursday"": [{""open"": ""08:00"", ""close"": ""00:00""}], ""friday"": [{""open"": ""08:00"", ""close"": ""00:00""}], ""saturday"": [{""open"": ""08:00"", ""close"": ""00:00""}], ""sunday"": [{""open"": ""08:00"", ""close"": ""23:00""}]}"
+389 70 355 550,42.0039253,21.3872356,4.1,566,Slatkarnica Palma,pastry_shop,other,"{""monday"": [{""open"": ""08:00"", ""close"": ""00:00""}], ""tuesday"": [{""open"": ""08:00"", ""close"": ""00:00""}], ""wednesday"": [{""open"": ""08:00"", ""close"": ""00:00""}], ""thursday"": [{""open"": ""08:00"", ""close"": ""00:00""}], ""friday"": [{""open"": ""08:00"", ""close"": ""00:00""}], ""saturday"": [{""open"": ""08:00"", ""close"": ""00:00""}], ""sunday"": [{""open"": ""08:00"", ""close"": ""00:00""}]}"
+389 70 208 519,41.9960241,21.4021817,4.3,1240,National Restaurant Makedonska Kukja,restaurant,food,"{""monday"": [{""open"": ""08:00"", ""close"": ""00:00""}], ""tuesday"": [{""open"": ""08:00"", ""close"": ""00:00""}], ""wednesday"": [{""open"": ""08:00"", ""close"": ""00:00""}], ""thursday"": [{""open"": ""08:00"", ""close"": ""00:00""}], ""friday"": [{""open"": ""08:00"", ""close"": ""00:00""}], ""saturday"": [{""open"": ""08:00"", ""close"": ""00:00""}], ""sunday"": [{""open"": ""08:00"", ""close"": ""00:00""}]}"
+389 71 304 186,41.9953363,21.3986565,4.3,623,Chashka Restaurant,restaurant,food,"{""monday"": [{""open"": ""09:00"", ""close"": ""00:00""}], ""tuesday"": [{""open"": ""09:00"", ""close"": ""00:00""}], ""wednesday"": [{""open"": ""09:00"", ""close"": ""00:00""}], ""thursday"": [{""open"": ""09:00"", ""close"": ""00:00""}], ""friday"": [{""open"": ""09:00"", ""close"": ""01:00""}], ""saturday"": [{""open"": ""09:00"", ""close"": ""01:00""}], ""sunday"": [{""open"": ""12:00"", ""close"": ""20:00""}]}"
+389 2 306 1127,42.0031844,21.4000883,4.3,1702,Martini Cafe,cafe,cafe,"{""monday"": [{""open"": ""09:00"", ""close"": ""00:00""}], ""tuesday"": [{""open"": ""09:00"", ""close"": ""00:00""}], ""wednesday"": [{""open"": ""09:00"", ""close"": ""00:00""}], ""thursday"": [{""open"": ""09:00"", ""close"": ""00:00""}], ""friday"": [{""open"": ""09:00"", ""close"": ""01:00""}], ""saturday"": [{""open"": ""09:00"", ""close"": ""00:00""}], ""sunday"": [{""open"": ""09:00"", ""close"": ""00:00""}]}"
,42.0007751,21.4367395,4.5,25902,Old Bazaar - Skopje Old Town,other,other,"{""monday"": [{""open"": ""00:00"", ""close"": ""23:59""}], ""tuesday"": [{""open"": ""00:00"", ""close"": ""23:59""}], ""wednesday"": [{""open"": ""00:00"", ""close"": ""23:59""}], ""thursday"": [{""open"": ""00:00"", ""close"": ""23:59""}], ""friday"": [{""open"": ""00:00"", ""close"": ""23:59""}], ""saturday"": [{""open"": ""00:00"", ""close"": ""23:59""}], ""sunday"": [{""open"": ""00:00"", ""close"": ""23:59""}]}"
,41.9969525,21.4330059,4.7,7541,Stone Bridge,bridge,other,"{""monday"": [{""open"": ""00:00"", ""close"": ""23:59""}], ""tuesday"": [{""open"": ""00:00"", ""close"": ""23:59""}], ""wednesday"": [{""open"": ""00:00"", ""close"": ""23:59""}], ""thursday"": [{""open"": ""00:00"", ""close"": ""23:59""}], ""friday"": [{""open"": ""00:00"", ""close"": ""23:59""}], ""saturday"": [{""open"": ""00:00"", ""close"": ""23:59""}], ""sunday"": [{""open"": ""00:00"", ""close"": ""23:59""}]}"
+389 2 322 7450,41.9985237,21.4264284,4.8,2428,Archbishop Cathedral „St. Clement of Ohrid”,church,other,"{""monday"": [{""open"": ""06:00"", ""close"": ""20:00""}], ""tuesday"": [{""open"": ""06:00"", ""close"": ""20:00""}], ""wednesday"": [{""open"": ""06:00"", ""close"": ""20:00""}], ""thursday"": [{""open"": ""06:00"", ""close"": ""20:00""}], ""friday"": [{""open"": ""06:00"", ""close"": ""20:00""}], ""saturday"": [{""open"": ""06:00"", ""close"": ""17:00""}], ""sunday"": [{""open"": ""06:00"", ""close"": ""00:00""}]}"
,41.9962799,21.4318703,4.6,5881,„Macedonia“ Square,tourist_attraction,culture,"{""monday"": [{""open"": ""00:00"", ""close"": ""23:59""}], ""tuesday"": [{""open"": ""00:00"", ""close"": ""23:59""}], ""wednesday"": [{""open"": ""00:00"", ""close"": ""23:59""}], ""thursday"": [{""open"": ""00:00"", ""close"": ""23:59""}], ""friday"": [{""open"": ""00:00"", ""close"": ""23:59""}], ""saturday"": [{""open"": ""00:00"", ""close"": ""23:59""}], ""sunday"": [{""open"": ""00:00"", ""close"": ""23:59""}]}"
+389 2 329 7204,42.0020249,21.4354192,4.7,1250,Mustafa Pasha Mosque,mosque,other,"{""monday"": [{""open"": ""00:00"", ""close"": ""23:59""}], ""tuesday"": [{""open"": ""00:00"", ""close"": ""23:59""}], ""wednesday"": [{""open"": ""00:00"", ""close"": ""23:59""}], ""thursday"": [{""open"": ""00:00"", ""close"": ""23:59""}], ""friday"": [{""open"": ""00:00"", ""close"": ""23:59""}], ""saturday"": [{""open"": ""00:00"", ""close"": ""23:59""}], ""sunday"": [{""open"": ""00:00"", ""close"": ""23:59""}]}"
+389 2 323 0603,42.0015528,21.4385933,4.3,767,Hotel Arka,hotel,accommodation,"{""monday"": [{""open"": ""00:00"", ""close"": ""23:59""}], ""tuesday"": [{""open"": ""00:00"", ""close"": ""23:59""}], ""wednesday"": [{""open"": ""00:00"", ""close"": ""23:59""}], ""thursday"": [{""open"": ""00:00"", ""close"": ""23:59""}], ""friday"": [{""open"": ""00:00"", ""close"": ""23:59""}], ""saturday"": [{""open"": ""00:00"", ""close"": ""23:59""}], ""sunday"": [{""open"": ""00:00"", ""close"": ""23:59""}]}"
+389 70 709 799,42.0002959,21.4357488,4.2,416,Kaçamaku Skopje,restaurant,food,"{""monday"": [{""open"": ""08:30"", ""close"": ""23:00""}], ""tuesday"": [{""open"": ""08:30"", ""close"": ""23:00""}], ""wednesday"": [{""open"": ""08:30"", ""close"": ""23:00""}], ""thursday"": [{""open"": ""08:30"", ""close"": ""23:00""}], ""friday"": [{""open"": ""08:30"", ""close"": ""23:00""}], ""saturday"": [{""open"": ""08:30"", ""close"": ""23:00""}], ""sunday"": [{""open"": ""08:30"", ""close"": ""23:00""}]}"
+389 78 887 733,41.9955607,21.4339472,4.3,3794,Soul Kitchen - Macedonian Wine & Cuisine,soul_food_restaurant,other,"{""monday"": [{""open"": ""08:00"", ""close"": ""00:00""}], ""tuesday"": [{""open"": ""08:00"", ""close"": ""00:00""}], ""wednesday"": [{""open"": ""08:00"", ""close"": ""00:00""}], ""thursday"": [{""open"": ""08:00"", ""close"": ""00:00""}], ""friday"": [{""open"": ""08:00"", ""close"": ""01:00""}], ""saturday"": [{""open"": ""08:00"", ""close"": ""01:00""}], ""sunday"": [{""open"": ""10:00"", ""close"": ""00:00""}]}"
+389 2 311 1141,41.9951386,21.4298189,4.5,386,Alexandar Square Boutique Hotel,hotel,accommodation,"{""monday"": [{""open"": ""00:00"", ""close"": ""23:59""}], ""tuesday"": [{""open"": ""00:00"", ""close"": ""23:59""}], ""wednesday"": [{""open"": ""00:00"", ""close"": ""23:59""}], ""thursday"": [{""open"": ""00:00"", ""close"": ""23:59""}], ""friday"": [{""open"": ""00:00"", ""close"": ""23:59""}], ""saturday"": [{""open"": ""00:00"", ""close"": ""23:59""}], ""sunday"": [{""open"": ""00:00"", ""close"": ""23:59""}]}"
+389 70 236 665,41.9947223,21.4310693,4.1,600,Breadway Taste Gallery,cake_shop,cafe,"{""monday"": [{""open"": ""07:00"", ""close"": ""23:00""}], ""tuesday"": [{""open"": ""07:00"", ""close"": ""23:00""}], ""wednesday"": [{""open"": ""07:00"", ""close"": ""23:00""}], ""thursday"": [{""open"": ""07:00"", ""close"": ""23:00""}], ""friday"": [{""open"": ""07:00"", ""close"": ""23:00""}], ""saturday"": [{""open"": ""07:00"", ""close"": ""23:00""}], ""sunday"": [{""open"": ""07:00"", ""close"": ""23:00""}]}"
+389 2 322 2853,41.999484,21.435799,4.5,726,Sweets Shop Rigara,pastry_shop,other,"{""monday"": [{""open"": ""08:00"", ""close"": ""23:00""}], ""tuesday"": [{""open"": ""08:00"", ""close"": ""23:00""}], ""wednesday"": [{""open"": ""08:00"", ""close"": ""23:00""}], ""thursday"": [{""open"": ""08:00"", ""close"": ""23:00""}], ""friday"": [{""open"": ""08:00"", ""close"": ""23:00""}], ""saturday"": [{""open"": ""08:00"", ""close"": ""23:00""}], ""sunday"": [{""open"": ""08:00"", ""close"": ""23:00""}]}"
+389 2 322 4044,41.9959336,21.4344868,4.6,1030,Hotel Senigallia,hotel,accommodation,"{""monday"": null, ""tuesday"": null, ""wednesday"": null, ""thursday"": null, ""friday"": null, ""saturday"": null, ""sunday"": null}"
+389 2 321 7874,41.9996329,21.4238844,4.4,1475,Japanese Restaurant SushiCo,sushi_restaurant,other,"{""monday"": [{""open"": ""10:00"", ""close"": ""00:00""}], ""tuesday"": [{""open"": ""10:00"", ""close"": ""00:00""}], ""wednesday"": [{""open"": ""10:00"", ""close"": ""00:00""}], ""thursday"": [{""open"": ""10:00"", ""close"": ""00:00""}], ""friday"": [{""open"": ""10:00"", ""close"": ""01:00""}], ""saturday"": [{""open"": ""10:00"", ""close"": ""01:00""}], ""sunday"": [{""open"": ""10:00"", ""close"": ""00:00""}]}"
+389 78 838 826,41.9875458,21.4511297,4.4,1197,Café Block,cafe,cafe,"{""monday"": [{""open"": ""08:00"", ""close"": ""00:00""}], ""tuesday"": [{""open"": ""08:00"", ""close"": ""00:00""}], ""wednesday"": [{""open"": ""08:00"", ""close"": ""00:00""}], ""thursday"": [{""open"": ""08:00"", ""close"": ""00:00""}], ""friday"": [{""open"": ""08:00"", ""close"": ""00:00""}], ""saturday"": [{""open"": ""08:00"", ""close"": ""00:00""}], ""sunday"": [{""open"": ""08:00"", ""close"": ""00:00""}]}"
+221 33 868 45 30,41.9973859,21.4512754,4.3,158,Arte Dakar,art_gallery,culture,"{""monday"": [{""open"": ""09:00"", ""close"": ""13:30""}, {""open"": ""15:00"", ""close"": ""19:00""}], ""tuesday"": [{""open"": ""09:00"", ""close"": ""13:30""}, {""open"": ""15:00"", ""close"": ""19:00""}], ""wednesday"": [{""open"": ""09:00"", ""close"": ""13:30""}, {""open"": ""15:00"", ""close"": ""19:00""}], ""thursday"": [{""open"": ""09:00"", ""close"": ""13:30""}, {""open"": ""15:00"", ""close"": ""19:00""}], ""friday"": [{""open"": ""09:00"", ""close"": ""13:30""}, {""open"": ""15:00"", ""close"": ""19:00""}], ""saturday"": [{""open"": ""09:00"", ""close"": ""13:30""}, {""open"": ""15:00"", ""close"": ""19:00""}], ""sunday"": []}"
+389 2 240 0501,41.9919768,21.4496362,4.2,1552,Lounge Bar Get,restaurant,food,"{""monday"": [{""open"": ""08:00"", ""close"": ""23:59""}], ""tuesday"": [{""open"": ""08:00"", ""close"": ""23:59""}], ""wednesday"": [{""open"": ""08:00"", ""close"": ""23:59""}], ""thursday"": [{""open"": ""08:00"", ""close"": ""23:59""}], ""friday"": [{""open"": ""08:00"", ""close"": ""01:00""}], ""saturday"": [{""open"": ""08:00"", ""close"": ""01:00""}], ""sunday"": [{""open"": ""11:00"", ""close"": ""23:59""}]}"
+389 2 246 0512,41.9886307,21.4531067,4.2,2008,Café Palma,cake_shop,cafe,"{""monday"": [{""open"": ""08:00"", ""close"": ""00:00""}], ""tuesday"": [{""open"": ""08:00"", ""close"": ""00:00""}], ""wednesday"": [{""open"": ""08:00"", ""close"": ""00:00""}], ""thursday"": [{""open"": ""08:00"", ""close"": ""00:00""}], ""friday"": [{""open"": ""08:00"", ""close"": ""00:00""}], ""saturday"": [{""open"": ""08:00"", ""close"": ""00:00""}], ""sunday"": []}"
+389 72 261 478,41.9853715,21.4499994,4.7,203,Pan Pan - Bakery & Specialty Coffee,bakery,cafe,"{""monday"": [{""open"": ""07:30"", ""close"": ""18:00""}], ""tuesday"": [{""open"": ""07:30"", ""close"": ""18:00""}], ""wednesday"": [{""open"": ""07:30"", ""close"": ""18:00""}], ""thursday"": [{""open"": ""07:30"", ""close"": ""18:00""}], ""friday"": [{""open"": ""07:30"", ""close"": ""18:00""}], ""saturday"": [{""open"": ""08:00"", ""close"": ""16:00""}], ""sunday"": []}"
+389 73 844 444,41.9910511,21.4467981,3.7,408,Bistro Juzna Pruga,restaurant,food,"{""monday"": [{""open"": ""07:00"", ""close"": ""02:00""}], ""tuesday"": [{""open"": ""07:00"", ""close"": ""02:00""}], ""wednesday"": [{""open"": ""07:00"", ""close"": ""02:00""}], ""thursday"": [{""open"": ""07:00"", ""close"": ""02:00""}], ""friday"": [{""open"": ""07:00"", ""close"": ""02:00""}], ""saturday"": [{""open"": ""07:00"", ""close"": ""02:00""}], ""sunday"": [{""open"": ""07:00"", ""close"": ""23:55""}]}"
+389 77 592 211,41.9894685,21.4392178,4.1,1140,La Tana Restaurant,restaurant,food,"{""monday"": [{""open"": ""08:00"", ""close"": ""23:30""}], ""tuesday"": [{""open"": ""08:00"", ""close"": ""23:30""}], ""wednesday"": [{""open"": ""08:00"", ""close"": ""23:30""}], ""thursday"": [{""open"": ""08:00"", ""close"": ""23:30""}], ""friday"": [{""open"": ""08:00"", ""close"": ""01:00""}], ""saturday"": [{""open"": ""10:00"", ""close"": ""01:00""}], ""sunday"": []}"
+389 71 204 140,41.9932767,21.4375644,4.7,712,Куќа,restaurant,food,"{""monday"": [{""open"": ""08:00"", ""close"": ""00:00""}], ""tuesday"": [{""open"": ""08:00"", ""close"": ""00:00""}], ""wednesday"": [{""open"": ""08:00"", ""close"": ""00:00""}], ""thursday"": [{""open"": ""08:00"", ""close"": ""00:00""}], ""friday"": [{""open"": ""08:00"", ""close"": ""00:00""}], ""saturday"": [{""open"": ""09:00"", ""close"": ""01:00""}], ""sunday"": []}"
+389 2 325 6337,41.9950676,21.4356613,4.3,3256,Irish Pub Saint Patrick,irish_pub,other,"{""monday"": [{""open"": ""08:00"", ""close"": ""00:00""}], ""tuesday"": [{""open"": ""08:00"", ""close"": ""00:00""}], ""wednesday"": [{""open"": ""08:00"", ""close"": ""00:00""}], ""thursday"": [{""open"": ""08:00"", ""close"": ""00:00""}], ""friday"": [{""open"": ""08:00"", ""close"": ""01:00""}], ""saturday"": [{""open"": ""08:00"", ""close"": ""01:00""}], ""sunday"": [{""open"": ""08:00"", ""close"": ""00:00""}]}"
+389 70 822 799,41.9916526,21.4523979,4.1,406,Bien,restaurant,food,"{""monday"": [{""open"": ""08:00"", ""close"": ""00:00""}], ""tuesday"": [{""open"": ""08:00"", ""close"": ""00:00""}], ""wednesday"": [{""open"": ""08:00"", ""close"": ""00:00""}], ""thursday"": [{""open"": ""08:00"", ""close"": ""01:00""}], ""friday"": [{""open"": ""08:00"", ""close"": ""01:00""}], ""saturday"": [{""open"": ""09:00"", ""close"": ""01:00""}], ""sunday"": [{""open"": ""09:00"", ""close"": ""00:00""}]}"
+389 70 299 966,41.9858774,21.4504345,3.7,79,Fitness House Aerodrom,restaurant,food,"{""monday"": [{""open"": ""08:00"", ""close"": ""00:00""}], ""tuesday"": [{""open"": ""08:00"", ""close"": ""00:00""}], ""wednesday"": [{""open"": ""08:00"", ""close"": ""00:00""}], ""thursday"": [{""open"": ""08:00"", ""close"": ""00:00""}], ""friday"": [{""open"": ""08:00"", ""close"": ""00:00""}], ""saturday"": [{""open"": ""10:00"", ""close"": ""00:00""}], ""sunday"": []}"
+389 78 444 399,41.9872709,21.4518606,3.9,389,Aviator,restaurant,food,"{""monday"": [{""open"": ""08:00"", ""close"": ""00:00""}], ""tuesday"": [{""open"": ""08:00"", ""close"": ""00:00""}], ""wednesday"": [{""open"": ""08:00"", ""close"": ""00:00""}], ""thursday"": [{""open"": ""08:00"", ""close"": ""00:00""}], ""friday"": [{""open"": ""08:00"", ""close"": ""01:00""}], ""saturday"": [{""open"": ""08:00"", ""close"": ""01:00""}], ""sunday"": [{""open"": ""08:00"", ""close"": ""00:00""}]}"
+389 71 515 117,41.9896053,21.4479782,4.3,333,Трач Бар,bar,nightlife,"{""monday"": [{""open"": ""08:00"", ""close"": ""00:00""}], ""tuesday"": [{""open"": ""08:00"", ""close"": ""00:00""}], ""wednesday"": [{""open"": ""08:00"", ""close"": ""00:00""}], ""thursday"": [{""open"": ""08:00"", ""close"": ""00:00""}], ""friday"": [{""open"": ""08:00"", ""close"": ""01:00""}], ""saturday"": [{""open"": ""08:00"", ""close"": ""01:00""}], ""sunday"": [{""open"": ""08:00"", ""close"": ""01:00""}]}"
+389 2 306 0070,41.9816732,21.4561537,4.0,1149,Restoran Dion (Aerodrom),restaurant,food,"{""monday"": [{""open"": ""08:00"", ""close"": ""23:55""}], ""tuesday"": [{""open"": ""08:00"", ""close"": ""23:55""}], ""wednesday"": [{""open"": ""08:00"", ""close"": ""23:55""}], ""thursday"": [{""open"": ""08:00"", ""close"": ""23:55""}], ""friday"": [{""open"": ""08:00"", ""close"": ""01:00""}], ""saturday"": [{""open"": ""08:00"", ""close"": ""01:00""}], ""sunday"": [{""open"": ""08:00"", ""close"": ""23:55""}]}"
+389 71 386 622,41.9810207,21.4554409,4.2,373,Srekja Bar & Food,bar,nightlife,"{""monday"": [{""open"": ""08:00"", ""close"": ""00:00""}], ""tuesday"": [{""open"": ""08:00"", ""close"": ""00:00""}], ""wednesday"": [{""open"": ""08:00"", ""close"": ""00:00""}], ""thursday"": [{""open"": ""08:00"", ""close"": ""00:00""}], ""friday"": [{""open"": ""08:00"", ""close"": ""01:00""}], ""saturday"": [{""open"": ""12:00"", ""close"": ""01:00""}], ""sunday"": [{""open"": ""12:00"", ""close"": ""00:00""}]}"
+389 70 361 500,41.9837224,21.4551019,4.5,250,Verona Picerija Aerodrom,pizza_restaurant,food,"{""monday"": [{""open"": ""09:00"", ""close"": ""21:30""}], ""tuesday"": [{""open"": ""09:00"", ""close"": ""21:30""}], ""wednesday"": [{""open"": ""09:00"", ""close"": ""21:30""}], ""thursday"": [{""open"": ""09:00"", ""close"": ""21:30""}], ""friday"": [{""open"": ""09:00"", ""close"": ""21:30""}], ""saturday"": [{""open"": ""09:00"", ""close"": ""21:30""}], ""sunday"": [{""open"": ""09:00"", ""close"": ""21:30""}]}"
+389 70 334 341,41.9825189,21.4723901,4.0,520,Baking Bread,fast_food_restaurant,food,"{""monday"": [{""open"": ""09:00"", ""close"": ""00:00""}], ""tuesday"": [{""open"": ""09:00"", ""close"": ""00:00""}], ""wednesday"": [{""open"": ""09:00"", ""close"": ""00:00""}], ""thursday"": [{""open"": ""09:00"", ""close"": ""00:00""}], ""friday"": [{""open"": ""09:00"", ""close"": ""00:00""}], ""saturday"": [{""open"": ""10:00"", ""close"": ""00:00""}], ""sunday"": [{""open"": ""10:00"", ""close"": ""00:00""}]}"
+389 70 800 400,41.9851912,21.4660279,4.3,456,Silbo Furna - Biser Mall,bakery,cafe,"{""monday"": [{""open"": ""00:00"", ""close"": ""23:59""}], ""tuesday"": [{""open"": ""00:00"", ""close"": ""23:59""}], ""wednesday"": [{""open"": ""00:00"", ""close"": ""23:59""}], ""thursday"": [{""open"": ""00:00"", ""close"": ""23:59""}], ""friday"": [{""open"": ""00:00"", ""close"": ""23:59""}], ""saturday"": [{""open"": ""00:00"", ""close"": ""23:59""}], ""sunday"": [{""open"": ""22:00"", ""close"": ""00:00""}]}"
,41.9879358,21.4740608,3.8,296,KFC Drive Thru - Novo Lisiche,fast_food_restaurant,food,"{""monday"": [{""open"": ""10:00"", ""close"": ""23:55""}], ""tuesday"": [{""open"": ""10:00"", ""close"": ""23:55""}], ""wednesday"": [{""open"": ""10:00"", ""close"": ""23:55""}], ""thursday"": [{""open"": ""10:00"", ""close"": ""23:55""}], ""friday"": [{""open"": ""10:00"", ""close"": ""23:55""}], ""saturday"": [{""open"": ""10:00"", ""close"": ""23:55""}], ""sunday"": [{""open"": ""10:00"", ""close"": ""23:55""}]}"
+389 70 318 504,41.9902604,21.4538376,4.3,673,Moja Kuḱa,restaurant,food,"{""monday"": [{""open"": ""09:00"", ""close"": ""00:00""}], ""tuesday"": [{""open"": ""09:00"", ""close"": ""00:00""}], ""wednesday"": [{""open"": ""09:00"", ""close"": ""00:00""}], ""thursday"": [{""open"": ""09:00"", ""close"": ""00:00""}], ""friday"": [{""open"": ""09:00"", ""close"": ""00:00""}], ""saturday"": [{""open"": ""12:00"", ""close"": ""01:00""}], ""sunday"": [{""open"": ""12:00"", ""close"": ""20:00""}]}"
+389 76 436 605,41.9867739,21.4653873,4.3,927,Pastrmajlija & Grill House,restaurant,food,"{""monday"": [{""open"": ""08:00"", ""close"": ""20:00""}], ""tuesday"": [{""open"": ""08:00"", ""close"": ""00:00""}], ""wednesday"": [{""open"": ""08:00"", ""close"": ""00:00""}], ""thursday"": [{""open"": ""08:00"", ""close"": ""00:00""}], ""friday"": [{""open"": ""08:00"", ""close"": ""00:00""}], ""saturday"": [{""open"": ""08:00"", ""close"": ""00:00""}], ""sunday"": [{""open"": ""08:00"", ""close"": ""20:00""}]}"
+389 2 245 0590,41.9838746,21.4676231,4.4,700,Nalej,restaurant,food,"{""monday"": [{""open"": ""09:00"", ""close"": ""00:00""}], ""tuesday"": [{""open"": ""09:00"", ""close"": ""00:00""}], ""wednesday"": [{""open"": ""09:00"", ""close"": ""00:00""}], ""thursday"": [{""open"": ""09:00"", ""close"": ""00:00""}], ""friday"": [{""open"": ""09:00"", ""close"": ""01:00""}], ""saturday"": [{""open"": ""09:00"", ""close"": ""01:00""}], ""sunday"": [{""open"": ""09:00"", ""close"": ""18:00""}]}"
+389 70 906 908,41.985365,21.465619,4.5,925,Gama,restaurant,food,"{""monday"": [{""open"": ""09:00"", ""close"": ""00:00""}], ""tuesday"": [{""open"": ""09:00"", ""close"": ""00:00""}], ""wednesday"": [{""open"": ""09:00"", ""close"": ""00:00""}], ""thursday"": [{""open"": ""09:00"", ""close"": ""00:00""}], ""friday"": [{""open"": ""09:00"", ""close"": ""00:00""}], ""saturday"": [{""open"": ""09:00"", ""close"": ""00:00""}], ""sunday"": [{""open"": ""09:00"", ""close"": ""00:00""}]}"
+389 71 217 216,41.9799433,21.4665324,4.8,242,Restaurant Kabranti,italian_restaurant,food,"{""monday"": [{""open"": ""08:00"", ""close"": ""00:00""}], ""tuesday"": [{""open"": ""08:00"", ""close"": ""00:00""}], ""wednesday"": [{""open"": ""08:00"", ""close"": ""00:00""}], ""thursday"": [{""open"": ""08:00"", ""close"": ""00:00""}], ""friday"": [{""open"": ""08:00"", ""close"": ""01:00""}], ""saturday"": [{""open"": ""08:00"", ""close"": ""01:00""}], ""sunday"": [{""open"": ""10:00"", ""close"": ""22:00""}]}"
+389 78 995 121,41.9897923,21.4588546,4.4,726,Gostilnica Trokadero,restaurant,food,"{""monday"": [{""open"": ""08:00"", ""close"": ""00:00""}], ""tuesday"": [{""open"": ""08:00"", ""close"": ""00:00""}], ""wednesday"": [{""open"": ""08:00"", ""close"": ""00:00""}], ""thursday"": [{""open"": ""08:00"", ""close"": ""00:00""}], ""friday"": [{""open"": ""08:00"", ""close"": ""00:00""}], ""saturday"": [{""open"": ""08:00"", ""close"": ""00:00""}], ""sunday"": [{""open"": ""08:00"", ""close"": ""00:00""}]}"
+389 71 699 909,41.9878867,21.4534952,3.0,547,Munchies Burger,fast_food_restaurant,food,"{""monday"": [{""open"": ""09:00"", ""close"": ""23:30""}], ""tuesday"": [{""open"": ""09:00"", ""close"": ""23:30""}], ""wednesday"": [{""open"": ""09:00"", ""close"": ""23:30""}], ""thursday"": [{""open"": ""09:00"", ""close"": ""23:30""}], ""friday"": [{""open"": ""09:00"", ""close"": ""00:30""}], ""saturday"": [{""open"": ""09:00"", ""close"": ""00:30""}], ""sunday"": [{""open"": ""09:00"", ""close"": ""23:30""}]}"
+389 2 312 5125,41.9838009,21.4699348,3.7,333,Domino's Pizza (Aerodrom),pizza_restaurant,food,"{""monday"": [{""open"": ""10:00"", ""close"": ""23:00""}], ""tuesday"": [{""open"": ""10:00"", ""close"": ""23:00""}], ""wednesday"": [{""open"": ""10:00"", ""close"": ""23:00""}], ""thursday"": [{""open"": ""10:00"", ""close"": ""23:00""}], ""friday"": [{""open"": ""10:00"", ""close"": ""23:00""}], ""saturday"": [{""open"": ""10:00"", ""close"": ""23:00""}], ""sunday"": [{""open"": ""10:00"", ""close"": ""23:00""}]}"
+389 70 358 500,41.9812988,21.4727408,4.4,1000,Daily Food & Wine Lisa,restaurant,food,"{""monday"": [{""open"": ""08:00"", ""close"": ""00:00""}], ""tuesday"": [{""open"": ""08:00"", ""close"": ""00:00""}], ""wednesday"": [{""open"": ""08:00"", ""close"": ""00:00""}], ""thursday"": [{""open"": ""08:00"", ""close"": ""00:00""}], ""friday"": [{""open"": ""08:00"", ""close"": ""00:00""}], ""saturday"": [{""open"": ""08:00"", ""close"": ""01:00""}], ""sunday"": [{""open"": ""08:00"", ""close"": ""22:00""}]}"
+389 73 877 778,41.9801057,21.4593934,5.0,21,Kinder Kafe,cafe,cafe,"{""monday"": [{""open"": ""08:00"", ""close"": ""23:45""}], ""tuesday"": [{""open"": ""08:00"", ""close"": ""23:45""}], ""wednesday"": [{""open"": ""08:00"", ""close"": ""23:45""}], ""thursday"": [{""open"": ""08:00"", ""close"": ""23:45""}], ""friday"": [{""open"": ""08:00"", ""close"": ""23:45""}], ""saturday"": [{""open"": ""08:00"", ""close"": ""23:45""}], ""sunday"": []}"
+389 2 244 2544,41.989197,21.4634431,4.5,1019,Skara Leskovac,fast_food_restaurant,food,"{""monday"": [{""open"": ""09:00"", ""close"": ""23:30""}], ""tuesday"": [{""open"": ""09:00"", ""close"": ""23:30""}], ""wednesday"": [{""open"": ""09:00"", ""close"": ""23:30""}], ""thursday"": [{""open"": ""09:00"", ""close"": ""23:30""}], ""friday"": [{""open"": ""09:00"", ""close"": ""00:00""}], ""saturday"": [{""open"": ""14:00"", ""close"": ""23:00""}], ""sunday"": []}"
+389 2 246 2077,41.9810608,21.4714861,4.5,431,Café Film,cafe,cafe,"{""monday"": [{""open"": ""08:00"", ""close"": ""00:00""}], ""tuesday"": [{""open"": ""08:00"", ""close"": ""00:00""}], ""wednesday"": [{""open"": ""08:00"", ""close"": ""00:00""}], ""thursday"": [{""open"": ""08:00"", ""close"": ""00:00""}], ""friday"": [{""open"": ""08:00"", ""close"": ""01:00""}], ""saturday"": [{""open"": ""08:00"", ""close"": ""01:00""}], ""sunday"": [{""open"": ""10:00"", ""close"": ""00:00""}]}"
+389 2 277 7457,41.9727586,21.444993,4.3,2406,Café Get,cafe,cafe,"{""monday"": [{""open"": ""08:00"", ""close"": ""00:00""}], ""tuesday"": [{""open"": ""08:00"", ""close"": ""00:00""}], ""wednesday"": [{""open"": ""08:00"", ""close"": ""00:00""}], ""thursday"": [{""open"": ""08:00"", ""close"": ""00:00""}], ""friday"": [{""open"": ""08:00"", ""close"": ""01:00""}], ""saturday"": [{""open"": ""08:00"", ""close"": ""01:00""}], ""sunday"": [{""open"": ""09:00"", ""close"": ""00:00""}]}"
+389 71 616 500,41.9768223,21.4463797,4.8,460,15 za 12,restaurant,food,"{""monday"": [{""open"": ""08:00"", ""close"": ""00:00""}], ""tuesday"": [{""open"": ""08:00"", ""close"": ""00:00""}], ""wednesday"": [{""open"": ""08:00"", ""close"": ""00:00""}], ""thursday"": [{""open"": ""08:00"", ""close"": ""00:00""}], ""friday"": [{""open"": ""08:00"", ""close"": ""00:00""}], ""saturday"": [{""open"": ""08:00"", ""close"": ""00:00""}], ""sunday"": [{""open"": ""08:00"", ""close"": ""00:00""}]}"
+389 72 209 606,41.9735508,21.4375199,4.6,210,Bar Groovelyn,bar,nightlife,"{""monday"": [{""open"": ""10:00"", ""close"": ""00:00""}], ""tuesday"": [{""open"": ""10:00"", ""close"": ""00:00""}], ""wednesday"": [{""open"": ""10:00"", ""close"": ""00:00""}], ""thursday"": [{""open"": ""10:00"", ""close"": ""00:00""}], ""friday"": [{""open"": ""10:00"", ""close"": ""01:00""}], ""saturday"": [{""open"": ""10:00"", ""close"": ""01:00""}], ""sunday"": [{""open"": ""10:00"", ""close"": ""00:00""}]}"
+389 70 353 085,41.9767806,21.4443851,4.4,575,Point Café,cafe,cafe,"{""monday"": [{""open"": ""08:00"", ""close"": ""00:00""}], ""tuesday"": [{""open"": ""08:00"", ""close"": ""00:00""}], ""wednesday"": [{""open"": ""08:00"", ""close"": ""00:00""}], ""thursday"": [{""open"": ""08:00"", ""close"": ""00:00""}], ""friday"": [{""open"": ""08:00"", ""close"": ""01:00""}], ""saturday"": [{""open"": ""08:00"", ""close"": ""01:00""}], ""sunday"": [{""open"": ""08:00"", ""close"": ""00:00""}]}"
+389 78 841 484,41.9734147,21.4462515,4.3,571,Quatro Caffe,cafe,cafe,"{""monday"": [{""open"": ""08:00"", ""close"": ""00:00""}], ""tuesday"": [{""open"": ""08:00"", ""close"": ""00:00""}], ""wednesday"": [{""open"": ""08:00"", ""close"": ""00:00""}], ""thursday"": [{""open"": ""08:00"", ""close"": ""00:00""}], ""friday"": [{""open"": ""08:00"", ""close"": ""00:00""}], ""saturday"": [{""open"": ""08:00"", ""close"": ""00:00""}], ""sunday"": [{""open"": ""08:00"", ""close"": ""00:00""}]}"
+389 79 218 020,41.979086,21.4383962,4.4,122,Akademija Caffe,coffee_shop,cafe,"{""monday"": [{""open"": ""08:00"", ""close"": ""00:00""}], ""tuesday"": [{""open"": ""08:00"", ""close"": ""00:00""}], ""wednesday"": [{""open"": ""08:00"", ""close"": ""00:00""}], ""thursday"": [{""open"": ""08:00"", ""close"": ""00:00""}], ""friday"": [{""open"": ""08:00"", ""close"": ""01:00""}], ""saturday"": [{""open"": ""08:00"", ""close"": ""01:00""}], ""sunday"": [{""open"": ""09:00"", ""close"": ""00:00""}]}"
+389 71 290 239,41.9731365,21.444081,4.3,72,Kinoverzum - Kisela Voda,movie_theater,entertainment,"{""monday"": [{""open"": ""17:00"", ""close"": ""23:30""}], ""tuesday"": [{""open"": ""17:00"", ""close"": ""23:30""}], ""wednesday"": [{""open"": ""17:00"", ""close"": ""23:30""}], ""thursday"": [{""open"": ""17:00"", ""close"": ""23:30""}], ""friday"": [{""open"": ""17:00"", ""close"": ""23:30""}], ""saturday"": [{""open"": ""12:00"", ""close"": ""23:30""}], ""sunday"": [{""open"": ""12:00"", ""close"": ""23:30""}]}"
+389 75 233 777,41.9767303,21.4456951,4.5,35,"Тинејџтека ""Во светот на тинејџерите""",cafe,cafe,"{""monday"": [{""open"": ""17:30"", ""close"": ""22:00""}], ""tuesday"": [{""open"": ""17:30"", ""close"": ""22:00""}], ""wednesday"": [{""open"": ""17:30"", ""close"": ""22:00""}], ""thursday"": [{""open"": ""17:30"", ""close"": ""22:00""}], ""friday"": [{""open"": ""17:30"", ""close"": ""22:00""}], ""saturday"": [{""open"": ""12:00"", ""close"": ""21:30""}], ""sunday"": [{""open"": ""12:00"", ""close"": ""21:30""}]}"
+389 78 921 138,41.9841892,21.4388675,4.6,858,Restaurant Bratski Merak,restaurant,food,"{""monday"": [{""open"": ""08:00"", ""close"": ""00:00""}], ""tuesday"": [{""open"": ""08:00"", ""close"": ""00:00""}], ""wednesday"": [{""open"": ""08:00"", ""close"": ""00:00""}], ""thursday"": [{""open"": ""08:00"", ""close"": ""00:00""}], ""friday"": [{""open"": ""08:00"", ""close"": ""01:00""}], ""saturday"": [{""open"": ""08:00"", ""close"": ""01:00""}], ""sunday"": [{""open"": ""08:00"", ""close"": ""00:00""}]}"
+389 78 445 405,41.9740448,21.4452418,4.4,145,Mint Caffee Bar,coffee_shop,cafe,"{""monday"": [{""open"": ""08:00"", ""close"": ""00:00""}], ""tuesday"": [{""open"": ""08:00"", ""close"": ""00:00""}], ""wednesday"": [{""open"": ""08:00"", ""close"": ""00:00""}], ""thursday"": [{""open"": ""08:00"", ""close"": ""00:00""}], ""friday"": [{""open"": ""08:00"", ""close"": ""00:00""}], ""saturday"": [{""open"": ""08:00"", ""close"": ""01:00""}], ""sunday"": [{""open"": ""08:00"", ""close"": ""00:00""}]}"
+389 76 863 637,41.9763395,21.4451975,3.6,43,Kafe Igroteka Happy Kids (Kisela Voda),cafe,cafe,"{""monday"": [{""open"": ""16:00"", ""close"": ""22:00""}], ""tuesday"": [{""open"": ""16:00"", ""close"": ""22:00""}], ""wednesday"": [{""open"": ""16:00"", ""close"": ""22:00""}], ""thursday"": [{""open"": ""16:00"", ""close"": ""22:00""}], ""friday"": [{""open"": ""16:00"", ""close"": ""22:00""}], ""saturday"": [{""open"": ""12:00"", ""close"": ""22:00""}], ""sunday"": [{""open"": ""12:00"", ""close"": ""22:00""}]}"
+389 75 399 893,41.9827805,21.4521448,3.9,78,OKTA,gas_station,other,"{""monday"": [{""open"": ""00:00"", ""close"": ""23:59""}], ""tuesday"": [{""open"": ""00:00"", ""close"": ""23:59""}], ""wednesday"": [{""open"": ""00:00"", ""close"": ""23:59""}], ""thursday"": [{""open"": ""00:00"", ""close"": ""23:59""}], ""friday"": [{""open"": ""00:00"", ""close"": ""23:59""}], ""saturday"": [{""open"": ""00:00"", ""close"": ""23:59""}], ""sunday"": [{""open"": ""00:00"", ""close"": ""23:59""}]}"
+389 70 457 050,41.980533,21.4396477,4.2,258,Café Mango,cafe,cafe,"{""monday"": [{""open"": ""08:00"", ""close"": ""00:00""}], ""tuesday"": [{""open"": ""08:00"", ""close"": ""00:00""}], ""wednesday"": [{""open"": ""08:00"", ""close"": ""00:00""}], ""thursday"": [{""open"": ""08:00"", ""close"": ""00:00""}], ""friday"": [{""open"": ""08:00"", ""close"": ""00:00""}], ""saturday"": [{""open"": ""08:00"", ""close"": ""00:00""}], ""sunday"": [{""open"": ""08:00"", ""close"": ""00:00""}]}"
+389 71 208 214,41.9825827,21.4520237,4.1,127,Smash Burger,hamburger_restaurant,other,"{""monday"": [{""open"": ""08:00"", ""close"": ""00:00""}], ""tuesday"": [{""open"": ""08:00"", ""close"": ""00:00""}], ""wednesday"": [{""open"": ""08:00"", ""close"": ""00:00""}], ""thursday"": [{""open"": ""08:00"", ""close"": ""00:00""}], ""friday"": [{""open"": ""08:00"", ""close"": ""02:00""}], ""saturday"": [{""open"": ""08:00"", ""close"": ""02:00""}], ""sunday"": [{""open"": ""10:00"", ""close"": ""00:00""}]}"
+389 70 266 841,41.9733315,21.4456081,4.4,420,Bass Cafe,cafe,cafe,"{""monday"": [{""open"": ""08:00"", ""close"": ""00:00""}], ""tuesday"": [{""open"": ""08:00"", ""close"": ""00:00""}], ""wednesday"": [{""open"": ""08:00"", ""close"": ""00:00""}], ""thursday"": [{""open"": ""08:00"", ""close"": ""00:00""}], ""friday"": [{""open"": ""08:00"", ""close"": ""01:00""}], ""saturday"": [{""open"": ""08:00"", ""close"": ""01:00""}], ""sunday"": [{""open"": ""08:00"", ""close"": ""00:00""}]}"
+389 71 306 681,41.9834266,21.4387798,4.0,63,Freshii Healthy Food & Coffee,restaurant,food,"{""monday"": [{""open"": ""07:30"", ""close"": ""21:00""}], ""tuesday"": [{""open"": ""07:30"", ""close"": ""21:00""}], ""wednesday"": [{""open"": ""07:30"", ""close"": ""21:00""}], ""thursday"": [{""open"": ""07:30"", ""close"": ""21:00""}], ""friday"": [{""open"": ""07:30"", ""close"": ""21:00""}], ""saturday"": [{""open"": ""08:00"", ""close"": ""16:00""}], ""sunday"": []}"
+389 70 361 858,41.976785,21.4447654,4.6,93,Picerija Verona Kisela Voda,pizza_restaurant,food,"{""monday"": [{""open"": ""09:00"", ""close"": ""22:00""}], ""tuesday"": [{""open"": ""09:00"", ""close"": ""22:00""}], ""wednesday"": [{""open"": ""09:00"", ""close"": ""22:00""}], ""thursday"": [{""open"": ""09:00"", ""close"": ""22:00""}], ""friday"": [{""open"": ""09:00"", ""close"": ""22:00""}], ""saturday"": [{""open"": ""09:00"", ""close"": ""22:00""}], ""sunday"": [{""open"": ""09:00"", ""close"": ""22:00""}]}"
+389 76 212 229,41.9807237,21.4391233,4.4,98,Magic House,restaurant,food,"{""monday"": [{""open"": ""08:00"", ""close"": ""00:00""}], ""tuesday"": [{""open"": ""08:00"", ""close"": ""00:00""}], ""wednesday"": [{""open"": ""08:00"", ""close"": ""00:00""}], ""thursday"": [{""open"": ""08:00"", ""close"": ""00:00""}], ""friday"": [{""open"": ""08:00"", ""close"": ""00:00""}], ""saturday"": [{""open"": ""08:00"", ""close"": ""00:00""}], ""sunday"": []}"
+389 72 307 179,41.9757799,21.4446861,4.7,57,Restaurant Kotle,restaurant,food,"{""monday"": [{""open"": ""08:00"", ""close"": ""00:00""}], ""tuesday"": [{""open"": ""08:00"", ""close"": ""00:00""}], ""wednesday"": [{""open"": ""08:00"", ""close"": ""00:00""}], ""thursday"": [{""open"": ""08:00"", ""close"": ""00:00""}], ""friday"": [{""open"": ""08:00"", ""close"": ""01:00""}], ""saturday"": [{""open"": ""08:00"", ""close"": ""01:00""}], ""sunday"": []}"
+389 77 673 050,41.9828224,21.4349465,4.7,80,Mind,cafeteria,other,"{""monday"": [{""open"": ""07:00"", ""close"": ""00:00""}], ""tuesday"": [{""open"": ""07:00"", ""close"": ""00:00""}], ""wednesday"": [{""open"": ""07:00"", ""close"": ""00:00""}], ""thursday"": [{""open"": ""07:00"", ""close"": ""00:00""}], ""friday"": [{""open"": ""07:00"", ""close"": ""01:00""}], ""saturday"": [{""open"": ""08:00"", ""close"": ""01:00""}], ""sunday"": [{""open"": ""10:00"", ""close"": ""00:00""}]}"
+389 70 822 696,42.0056036,21.3776223,4.6,981,Donuts from Hrom,donut_shop,other,"{""monday"": [{""open"": ""16:00"", ""close"": ""00:00""}], ""tuesday"": [{""open"": ""16:00"", ""close"": ""00:00""}], ""wednesday"": [{""open"": ""16:00"", ""close"": ""00:00""}], ""thursday"": [{""open"": ""16:00"", ""close"": ""00:00""}], ""friday"": [{""open"": ""16:00"", ""close"": ""00:00""}], ""saturday"": [{""open"": ""16:00"", ""close"": ""00:00""}], ""sunday"": []}"
+389 71 644 488,42.0071778,21.3722345,4.7,1236,Badu Bar,bar,nightlife,"{""monday"": [{""open"": ""08:00"", ""close"": ""23:45""}], ""tuesday"": [{""open"": ""08:00"", ""close"": ""23:45""}], ""wednesday"": [{""open"": ""08:00"", ""close"": ""23:45""}], ""thursday"": [{""open"": ""08:00"", ""close"": ""23:45""}], ""friday"": [{""open"": ""08:00"", ""close"": ""00:45""}], ""saturday"": [{""open"": ""08:00"", ""close"": ""00:45""}], ""sunday"": [{""open"": ""09:00"", ""close"": ""23:45""}]}"
,42.0081153,21.3688689,4.3,469,Dobar Bar,cafe,cafe,"{""monday"": [{""open"": ""08:00"", ""close"": ""00:00""}], ""tuesday"": [{""open"": ""08:00"", ""close"": ""00:00""}], ""wednesday"": [{""open"": ""08:00"", ""close"": ""00:00""}], ""thursday"": [{""open"": ""08:00"", ""close"": ""00:00""}], ""friday"": [{""open"": ""08:00"", ""close"": ""00:00""}], ""saturday"": [{""open"": ""08:00"", ""close"": ""00:00""}], ""sunday"": [{""open"": ""08:00"", ""close"": ""00:00""}]}"
+389 70 275 594,42.008373,21.367865,4.6,635,Gostilnica Ubac,restaurant,food,"{""monday"": [{""open"": ""08:00"", ""close"": ""00:00""}], ""tuesday"": [{""open"": ""08:00"", ""close"": ""00:00""}], ""wednesday"": [{""open"": ""08:00"", ""close"": ""00:00""}], ""thursday"": [{""open"": ""08:00"", ""close"": ""00:00""}], ""friday"": [{""open"": ""08:00"", ""close"": ""00:00""}], ""saturday"": [{""open"": ""08:00"", ""close"": ""00:00""}], ""sunday"": [{""open"": ""12:00"", ""close"": ""00:00""}]}"
+389 78 900 888,42.0023185,21.3626846,4.6,69,Kafe igroteka Palavkovci,playground,other,"{""monday"": [{""open"": ""12:00"", ""close"": ""22:00""}], ""tuesday"": [{""open"": ""12:00"", ""close"": ""22:00""}], ""wednesday"": [{""open"": ""12:00"", ""close"": ""22:00""}], ""thursday"": [{""open"": ""12:00"", ""close"": ""22:00""}], ""friday"": [{""open"": ""12:00"", ""close"": ""22:00""}], ""saturday"": [{""open"": ""10:00"", ""close"": ""22:00""}], ""sunday"": [{""open"": ""12:00"", ""close"": ""20:00""}]}"
+389 78 439 199,42.0066347,21.3723119,4.5,411,Gostilnica Jug,restaurant,food,"{""monday"": [{""open"": ""09:00"", ""close"": ""00:00""}], ""tuesday"": [{""open"": ""09:00"", ""close"": ""00:00""}], ""wednesday"": [{""open"": ""09:00"", ""close"": ""00:00""}], ""thursday"": [{""open"": ""09:00"", ""close"": ""00:00""}], ""friday"": [{""open"": ""09:00"", ""close"": ""01:00""}], ""saturday"": [{""open"": ""09:00"", ""close"": ""01:00""}], ""sunday"": [{""open"": ""12:00"", ""close"": ""20:00""}]}"
+389 72 712 555,42.0103682,21.3739589,4.3,115,Скара на кило Кaj 61,restaurant,food,"{""monday"": [{""open"": ""08:00"", ""close"": ""00:00""}], ""tuesday"": [{""open"": ""08:00"", ""close"": ""00:00""}], ""wednesday"": [{""open"": ""08:00"", ""close"": ""00:00""}], ""thursday"": [{""open"": ""08:00"", ""close"": ""00:00""}], ""friday"": [{""open"": ""08:00"", ""close"": ""00:00""}], ""saturday"": [{""open"": ""08:00"", ""close"": ""00:00""}], ""sunday"": [{""open"": ""08:00"", ""close"": ""00:00""}]}"
+389 78 320 374,42.0085148,21.3823933,4.3,158,CERTUS Technical examination and registration of vehicles,other,other,"{""monday"": [{""open"": ""07:30"", ""close"": ""17:30""}], ""tuesday"": [{""open"": ""07:30"", ""close"": ""17:30""}], ""wednesday"": [{""open"": ""07:30"", ""close"": ""17:30""}], ""thursday"": [{""open"": ""07:30"", ""close"": ""17:30""}], ""friday"": [{""open"": ""07:30"", ""close"": ""17:30""}], ""saturday"": [{""open"": ""08:00"", ""close"": ""14:00""}], ""sunday"": []}"
+389 78 413 461,42.0075035,21.3713071,4.5,690,Pizza Gigo,pizza_restaurant,food,"{""monday"": [{""open"": ""10:30"", ""close"": ""00:00""}], ""tuesday"": [{""open"": ""10:30"", ""close"": ""00:00""}], ""wednesday"": [{""open"": ""10:30"", ""close"": ""00:00""}], ""thursday"": [{""open"": ""10:30"", ""close"": ""00:00""}], ""friday"": [{""open"": ""10:30"", ""close"": ""00:00""}], ""saturday"": [{""open"": ""10:30"", ""close"": ""00:00""}], ""sunday"": [{""open"": ""14:00"", ""close"": ""23:00""}]}"
+389 70 360 792,42.00377,21.379547,4.3,155,Restaurant Kaskada,restaurant,food,"{""monday"": [{""open"": ""09:00"", ""close"": ""22:00""}], ""tuesday"": [{""open"": ""09:00"", ""close"": ""22:00""}], ""wednesday"": [{""open"": ""09:00"", ""close"": ""22:00""}], ""thursday"": [{""open"": ""09:00"", ""close"": ""22:00""}], ""friday"": [{""open"": ""09:00"", ""close"": ""22:00""}], ""saturday"": [{""open"": ""09:00"", ""close"": ""22:00""}], ""sunday"": [{""open"": ""09:00"", ""close"": ""22:00""}]}"
+389 71 944 227,42.0107368,21.3706453,4.6,35,Igroteka Kidobar by Kinderlend,event_venue,other,"{""monday"": [{""open"": ""08:00"", ""close"": ""22:00""}], ""tuesday"": [{""open"": ""08:00"", ""close"": ""22:00""}], ""wednesday"": [{""open"": ""08:00"", ""close"": ""22:00""}], ""thursday"": [{""open"": ""08:00"", ""close"": ""22:00""}], ""friday"": [{""open"": ""08:00"", ""close"": ""22:00""}], ""saturday"": [{""open"": ""08:00"", ""close"": ""22:00""}], ""sunday"": []}"
+389 70 419 760,42.0071747,21.371774,4.5,134,Porta Vlae Pub & Kitchen,gastropub,other,"{""monday"": [{""open"": ""09:00"", ""close"": ""00:00""}], ""tuesday"": [{""open"": ""09:00"", ""close"": ""00:00""}], ""wednesday"": [{""open"": ""09:00"", ""close"": ""00:00""}], ""thursday"": [{""open"": ""09:00"", ""close"": ""00:00""}], ""friday"": [{""open"": ""09:00"", ""close"": ""01:00""}], ""saturday"": [{""open"": ""09:00"", ""close"": ""01:00""}], ""sunday"": [{""open"": ""09:00"", ""close"": ""00:00""}]}"
+389 2 204 7347,42.010362,21.3741921,4.4,329,Viva,restaurant,food,"{""monday"": [], ""tuesday"": [{""open"": ""08:00"", ""close"": ""00:00""}], ""wednesday"": [{""open"": ""08:00"", ""close"": ""00:00""}], ""thursday"": [{""open"": ""08:00"", ""close"": ""00:00""}], ""friday"": [{""open"": ""08:00"", ""close"": ""01:00""}], ""saturday"": [{""open"": ""08:00"", ""close"": ""01:00""}], ""sunday"": [{""open"": ""08:00"", ""close"": ""22:00""}]}"
+389 76 778 233,42.0074136,21.3736074,4.4,100,Cujo,fast_food_restaurant,food,"{""monday"": [{""open"": ""10:00"", ""close"": ""03:00""}], ""tuesday"": [{""open"": ""10:00"", ""close"": ""03:00""}], ""wednesday"": [{""open"": ""10:00"", ""close"": ""03:00""}], ""thursday"": [{""open"": ""10:00"", ""close"": ""03:00""}], ""friday"": [{""open"": ""10:00"", ""close"": ""03:00""}], ""saturday"": [{""open"": ""10:00"", ""close"": ""03:00""}], ""sunday"": []}"
,42.0071719,21.3629549,4.3,69,Korzo Cafe / Корзо Кафе,coffee_shop,cafe,"{""monday"": null, ""tuesday"": null, ""wednesday"": null, ""thursday"": null, ""friday"": null, ""saturday"": null, ""sunday"": null}"
+389 78 290 778,42.0079957,21.3694678,4.8,84,Шума - Shuma - slow living concept caffè,cafe,cafe,"{""monday"": [{""open"": ""08:00"", ""close"": ""00:00""}], ""tuesday"": [{""open"": ""08:00"", ""close"": ""00:00""}], ""wednesday"": [{""open"": ""08:00"", ""close"": ""00:00""}], ""thursday"": [{""open"": ""08:00"", ""close"": ""00:00""}], ""friday"": [{""open"": ""08:00"", ""close"": ""01:00""}], ""saturday"": [{""open"": ""08:00"", ""close"": ""01:00""}], ""sunday"": [{""open"": ""09:00"", ""close"": ""00:00""}]}"
+389 75 310 225,42.0074365,21.3647302,4.4,147,Aviator,bar,nightlife,"{""monday"": null, ""tuesday"": null, ""wednesday"": null, ""thursday"": null, ""friday"": null, ""saturday"": null, ""sunday"": null}"
+389 78 502 222,42.0090107,21.3610911,4.6,184,Pizza Berlusconi,meal_takeaway,food,"{""monday"": [{""open"": ""09:00"", ""close"": ""23:30""}], ""tuesday"": [{""open"": ""09:00"", ""close"": ""23:30""}], ""wednesday"": [{""open"": ""09:00"", ""close"": ""23:30""}], ""thursday"": [{""open"": ""09:00"", ""close"": ""23:30""}], ""friday"": [{""open"": ""09:00"", ""close"": ""23:30""}], ""saturday"": [{""open"": ""11:00"", ""close"": ""23:30""}], ""sunday"": [{""open"": ""12:00"", ""close"": ""22:00""}]}"
+389 71 888 166,42.0069965,21.361927,4.6,72,Станица Чешма,restaurant,food,"{""monday"": [{""open"": ""08:00"", ""close"": ""23:00""}], ""tuesday"": [{""open"": ""08:00"", ""close"": ""23:00""}], ""wednesday"": [{""open"": ""08:00"", ""close"": ""23:00""}], ""thursday"": [{""open"": ""08:00"", ""close"": ""23:00""}], ""friday"": [{""open"": ""08:00"", ""close"": ""23:00""}], ""saturday"": [{""open"": ""08:00"", ""close"": ""23:00""}], ""sunday"": []}"
+389 2 204 4253,42.0071318,21.3681293,3.7,19,Kanela - Porta Vlae,cake_shop,cafe,"{""monday"": [{""open"": ""08:00"", ""close"": ""21:00""}], ""tuesday"": [{""open"": ""08:00"", ""close"": ""21:00""}], ""wednesday"": [{""open"": ""08:00"", ""close"": ""21:00""}], ""thursday"": [{""open"": ""08:00"", ""close"": ""21:00""}], ""friday"": [{""open"": ""08:00"", ""close"": ""21:00""}], ""saturday"": [{""open"": ""08:00"", ""close"": ""19:30""}], ""sunday"": []}"
